plate,well,mutant name,primer,volume,type
0,A1,A100S+L102K+V105A+Y168A+K172Y-1,,30,
0,B1,A100S+L102K+V105A+Y168A+K172Y-2,,30,
0,C1,A100S+L102K+V105A+Y168A+K172Y-3,,30,
0,D1,L102A+C157W+Y168H+M203W-1,,30,
0,E1,L102A+C157W+Y168H+M203W-2,,30,
0,F1,L102A+C157W+Y168H+M203W-3,,30,
0,G1,L102S+V105H+L156S+C157S+Y168G+K172S+A195C+M203E+Q204A+L206K+A207Q-1,,30,
0,H1,L102S+V105H+L156S+C157S+Y168G+K172S+A195C+M203E+Q204A+L206K+A207Q-2,,30,
0,A2,L102S+V105H+L156S+C157S+Y168G+K172S+A195C+M203E+Q204A+L206K+A207Q-3,,30,
0,B2,L102A+V105H+S155A+Y168H+M203W-1,,30,
0,C2,L102A+V105H+S155A+Y168H+M203W-2,,30,
0,D2,L102A+V105H+S155A+Y168H+M203W-3,,30,
0,E2,L102G+V105G+Y168A+K172Y+N201D+Q204A+A207H-1,,30,
0,F2,L102G+V105G+Y168A+K172Y+N201D+Q204A+A207H-2,,30,
0,G2,L102G+V105G+Y168A+K172Y+N201D+Q204A+A207H-3,,30,
0,H2,A100Y+L102K+V105A+Y168A+K172Y-1,,30,
0,A3,A100Y+L102K+V105A+Y168A+K172Y-2,,30,
0,B3,A100Y+L102K+V105A+Y168A+K172Y-3,,30,
0,C3,L102A+V105H+S155A+Y168H+A195C+M203W+A207M-1,,30,
0,D3,L102A+V105H+S155A+Y168H+A195C+M203W+A207M-2,,30,
0,E3,L102A+V105H+S155A+Y168H+A195C+M203W+A207M-3,,30,
0,F3,L102A+V105H+S155Q+Y168H+M203W-1,,30,
0,G3,L102A+V105H+S155Q+Y168H+M203W-2,,30,
0,H3,L102A+V105H+S155Q+Y168H+M203W-3,,30,
0,A4,L102A+C157S+Y168H+M203W-1,,30,
0,B4,L102A+C157S+Y168H+M203W-2,,30,
0,C4,L102A+C157S+Y168H+M203W-3,,30,
0,D4,L102A+C157S+Y168H+K172S+M203W-1,,30,
0,E4,L102A+C157S+Y168H+K172S+M203W-2,,30,
0,F4,L102A+C157S+Y168H+K172S+M203W-3,,30,
0,G4,A100S+Y168A+K172Y-1,,30,
0,H4,A100S+Y168A+K172Y-2,,30,
0,A5,A100S+Y168A+K172Y-3,,30,
0,B5,Y168A+K172Y+N201D+Q204A-1,,30,
0,C5,Y168A+K172Y+N201D+Q204A-2,,30,
0,D5,Y168A+K172Y+N201D+Q204A-3,,30,
0,E5,A100S+L102H+V105A+Y168A+K172Y-1,,30,
0,F5,A100S+L102H+V105A+Y168A+K172Y-2,,30,
0,G5,A100S+L102H+V105A+Y168A+K172Y-3,,30,
0,H5,A100F+V105A+Y168A+K172Y-1,,30,
0,A6,A100F+V105A+Y168A+K172Y-2,,30,
0,B6,A100F+V105A+Y168A+K172Y-3,,30,
0,C6,L102A+V105H+S155A+Y168H+A195C+M203W-1,,30,
0,D6,L102A+V105H+S155A+Y168H+A195C+M203W-2,,30,
0,E6,L102A+V105H+S155A+Y168H+A195C+M203W-3,,30,
0,F6,Y168A+K172Y-1,,30,
0,G6,Y168A+K172Y-2,,30,
0,H6,Y168A+K172Y-3,,30,
0,A7,L102A+S155Q+Y168H+M203W-1,,30,
0,B7,L102A+S155Q+Y168H+M203W-2,,30,
0,C7,L102A+S155Q+Y168H+M203W-3,,30,
0,D7,L102G+V105G+Y168A+K172Y+N201D+Q204A+A207W-1,,30,
0,E7,L102G+V105G+Y168A+K172Y+N201D+Q204A+A207W-2,,30,
0,F7,L102G+V105G+Y168A+K172Y+N201D+Q204A+A207W-3,,30,
0,G7,L102A+Y168H+M203W-1,,30,
0,H7,L102A+Y168H+M203W-2,,30,
0,A8,L102A+Y168H+M203W-3,,30,
0,B8,Y168A+K172Y+Q204A-1,,30,
0,C8,Y168A+K172Y+Q204A-2,,30,
0,D8,Y168A+K172Y+Q204A-3,,30,
0,E8,L102I+V105G+Y168A+K172Y+N201D+Q204A-1,,0,
0,F8,L102I+V105G+Y168A+K172Y+N201D+Q204A-2,,0,
0,G8,L102I+V105G+Y168A+K172Y+N201D+Q204A-3,,0,